insert into "week5"."city"(city_code,city_name) values('001','广州');
insert into "week5"."city"(city_code,city_name) values('002','北京');
insert into "week5"."city"(city_code,city_name) values('003','深圳');
insert into "week5"."goodtype"(goodtype_id,goodtype_name) values('001','食品');
insert into "week5"."goodtype"(goodtype_id,goodtype_name) values('002','文具');
insert into "week5"."goodtype"(goodtype_id,goodtype_name) values('003','运动器材');
insert into "week5"."shop"(shop_id,shop_name) values('001','6.6杂货店');
insert into "week5"."shop"(shop_id,shop_name) values('002','辉瑞美食铺');
insert into "week5"."shop"(shop_id,shop_name) values('003','瑞兴超市');
insert into "week5"."goods"(good_id,good_name,good_type_id,good_city,price,shop_id,num) values('001','喜之郎果冻','001','001','13.52','002',600);
insert into "week5"."goods"(good_id,good_name,good_type_id,good_city,price,shop_id,num) values('002','瑞幸咖啡','001','002','43.59','002',500);
insert into "week5"."goods"(good_id,good_name,good_type_id,good_city,price,shop_id,num) values('003','yonex羽毛球拍','003','002','532.99','003',300);
insert into "week5"."goods"(good_id,good_name,good_type_id,good_city,price,shop_id,num) values('004','双鱼乒乓球拍','003','003','57.66','003',400);
insert into "week5"."goods"(good_id,good_name,good_type_id,good_city,price,shop_id,num) values('005','晨光中性笔','002','003','2.50','001',200);
insert into "week5"."goods"(good_id,good_name,good_type_id,good_city,price,shop_id,num) values('006','百马钢笔','002','001','106.78','001',1000);
insert into "week5"."users"(user_id,user_name,user_gender,register_date,user_years,email,phone) values('001','爱德华','male','202005','2000','123456@126.com','13522254456');
insert into "week5"."users"(user_id,user_name,user_gender,register_date,user_years,email,phone) values('002','露易丝','female','202006','1995','12pp56@126.com','13977254456');
insert into "week5"."users"(user_id,user_name,user_gender,register_date,user_years,email,phone) values('003','内马尔','male','202103','2003','1uu456@126.com','1344544536');
insert into "week5"."purchase"(user_id,good_id,receive_city,num,price,purchase_date) values('001','001','002','30','400.36','202102');
insert into "week5"."purchase"(user_id,good_id,receive_city,num,price,purchase_date) values('002','003','001','50','200.35','202102');
insert into "week5"."purchase"(user_id,good_id,receive_city,num,price,purchase_date) values('001','002','003','60','280.23','202102');
insert into "week5"."purchase"(user_id,good_id,receive_city,num,price,purchase_date) values('001','005','001','20','132.21','202103');
insert into "week5"."purchase"(user_id,good_id,receive_city,num,price,purchase_date) values('003','006','002','30','3201.59','202103');
insert into "week5"."purchase"(user_id,good_id,receive_city,num,price,purchase_date) values('002','002','002','10','442.66','202104');
insert into "week5"."purchase"(user_id,good_id,receive_city,num,price,purchase_date) values('003','001','003','50','673.25','202104');
insert into "week5"."purchase"(user_id,good_id,receive_city,num,price,purchase_date) values('002','003','001','40','21023.59','202103');
insert into "week5"."purchase"(user_id,good_id,receive_city,num,price,purchase_date) values('001','004','003','20','1123.55','202103');
insert into "week5"."purchase"(user_id,good_id,receive_city,num,price,purchase_date) values('003','005','002','35','108.76','202104');
insert into "week5"."purchase"(user_id,good_id,receive_city,num,price,purchase_date) values('002','006','001','15','1653.89','202105');
insert into "week5"."purchase"(user_id,good_id,receive_city,num,price,purchase_date) values('001','002','002','23','896.38','202106');
insert into "week5"."users"(user_id,user_name,user_gender,register_date,user_years,email,phone) values('004','巴克洛夫','male','202103','2003','1uu456@126.com','1344544536');
insert into "week5"."users"(user_id,user_name,user_gender,register_date,user_years,email,phone) values('005','特洛伊','male','202103','2009','1uu4126.com','134454456');
insert into "week5"."users"(user_id,user_name,user_gender,register_date,user_years,email,phone) values('006','何罗喜','male','202103','2004','1uu456@126.com','134454k4536');
insert into "week5"."users"(user_id,user_name,user_gender,register_date,user_years,email,phone) values('007','德克力','male','202103','2003','1uu45126.com','134444536');
insert into "week5"."users"(user_id,user_name,user_gender,register_date,user_years,email,phone) values('008','张华西','female','202103','1996','1u56@126.com','134544536');
insert into "week5"."users"(user_id,user_name,user_gender,register_date,user_years,email,phone) values('009','诸葛曦','female','202103','2008','1uu456@126.55.com','1344574536');
insert into "week5"."users"(user_id,user_name,user_gender,register_date,user_years,email,phone) values('010','梁何利','female','202103','2013','1uud456@126.com','1344544836');
insert into "week5"."users"(user_id,user_name,user_gender,register_date,user_years,email,phone) values('011','罗曼园','female','202103','2001','1us456@126.com','1344544596');